chapter,section,label,sheet
F4 SC Chp 1 1.2,A,Biological Waste Substances,F4 SC Chp 1 1.2.csv
F4 SC Chp 1 1.3,A,Fire Extinguisher,F4 SC Chp 1 1.3.csv
F4 SC Chp 2 2.1,A,CPR,F4 SC Chp 2 2.1.csv
F4 SC Chp 2 2.2,A,海姆利克氏急救法,F4 SC Chp 2 2.2.csv
F4 SC Chp 3 3.1,A,体温,F4 SC Chp 3 3.1.csv
F4 SC Chp 3 3.2,A,脉搏,F4 SC Chp 3 3.2.csv
F4 SC Chp 3 3.3,A,血压,F4 SC Chp 3 3.3.csv
F4 SC Chp 3 3.4,A,BMI,F4 SC Chp 3 3.4.csv
F4 SC Chp 5 5.1,A,"Gene, DNA and Chromosomes",F4 SC Chp 5 5.1 A.csv 
F4 SC Chp 5 5.1,B,Mitosis & Meiosis,F4 SC Chp 5 5.1 B.csv 
F4 SC Chp 6 6.1 Part 1,A,Type of Support in Animals,F4 SC Chp 6 6.1 Part 1 A.csv
F4 SC Chp 6 6.1 Part 1,B,Exoskeleton,F4 SC Chp 6 6.1 Part 1 B.csv
F4 SC Chp 6 6.1 Part 1,C,Relating the Hydrostatic Skeleton with Movement,F4 SC Chp 6 6.1 Part 1 C.csv
F4 SC Chp 6 6.1 Part 2,A,The Functions of the Endoskeleton in Animals,F4 SC Chp 6 6.1 Part 2 A.csv
F4 SC Chp 6 6.1 Part 2,B,The Human Skeletal System,F4 SC Chp 6 6.1 Part 2 B.csv
F4 SC Chp 6 6.1 Part 2,C,Compact Bone and Hollow Bone,F4 SC Chp 6 6.1 Part 2 C.csv
F4 SC Chp 6 6.1 Part 2,D,Support Systems and the Factors of Stability in Animals,F4 SC Chp 6 6.1 Part 2 D.csv
F4 SC Chp 6 6.2,A,Human Movement and Growth,F4 SC Chp 6 6.2 A.csv
F4 SC Chp 6 6.2,B,Functions of Joints and Muscles in Movement,F4 SC Chp 6 6.2 B.csv
F4 SC Chp 6 6.2,C,Human Growth Pattern,F4 SC Chp 6 6.2 C.csv
F4 SC Chp 6 6.3,A,Terrestrial Plants,F4 SC Chp 6 6.3 A.csv
F4 SC Chp 6 6.3,B,Terrestrial Plants Example & Aquatic Plants,F4 SC Chp 6 6.3 B.csv
F4 SC Chp 7 7.1,A,Endocrine gland,F4 SC Chp 7 7.1 A.csv
F4 SC Chp 7 7.1,B,Function of hormones,F4 SC Chp 7 7.1 B.csv
F4 SC Chp 7 7.1,C,Hormonal Imbalance,F4 SC Chp 7 7.1 C.csv
F4 SC Chp 7 7.2,A,Disruptions to Body Coordination,F4 SC Chp 7 7.2 A.csv
F4 SC Chp 7 7.2,B,Effects of Drug and Alcohol Abuse,F4 SC Chp 7 7.2 B.csv
F4 SC Chp 8 8.1,A,Matter,F4 SC Chp 8 8.1.csv
F4 SC Chp 8 8.2,A,Modern Periodic Table of Elements,F4 SC Chp 8 8.2.csv
